date,year,month,return_pct,cycle_label
1926-07-01,1926,7,3.11,midterm_year
1926-08-01,1926,8,2.89,midterm_year
1926-09-01,1926,9,0.61,midterm_year
1926-10-01,1926,10,-2.95,midterm_year
1926-11-01,1926,11,2.85,midterm_year
1926-12-01,1926,12,2.9,midterm_year
1927-01-01,1927,1,0.2,pre_election_year
1927-02-01,1927,2,4.43,pre_election_year
1927-03-01,1927,3,0.44,pre_election_year
1927-04-01,1927,4,0.72,pre_election_year
1927-05-01,1927,5,5.75,pre_election_year
1927-06-01,1927,6,-2.12,pre_election_year
1927-07-01,1927,7,7.56,pre_election_year
1927-08-01,1927,8,2.27,pre_election_year
1927-09-01,1927,9,4.98,pre_election_year
1927-10-01,1927,10,-4.04,pre_election_year
1927-11-01,1927,11,6.73,pre_election_year
1927-12-01,1927,12,2.31,pre_election_year
1928-01-01,1928,1,-0.32,election_year
1928-02-01,1928,2,-1.36,election_year
1928-03-01,1928,3,9.08,election_year
1928-04-01,1928,4,4.47,election_year
1928-05-01,1928,5,1.84,election_year
1928-06-01,1928,6,-4.59,election_year
1928-07-01,1928,7,0.95,election_year
1928-08-01,1928,8,7.01,election_year
1928-09-01,1928,9,3.14,election_year
1928-10-01,1928,10,1.72,election_year
1928-11-01,1928,11,12.2,election_year
1928-12-01,1928,12,0.46,election_year
1929-01-01,1929,1,5.0,post_election_year
1929-02-01,1929,2,0.02,post_election_year
1929-03-01,1929,3,-0.51,post_election_year
1929-04-01,1929,4,1.83,post_election_year
1929-05-01,1929,5,-5.94,post_election_year
1929-06-01,1929,6,10.22,post_election_year
1929-07-01,1929,7,4.81,post_election_year
1929-08-01,1929,8,8.54,post_election_year
1929-09-01,1929,9,-5.1,post_election_year
1929-10-01,1929,10,-19.61,post_election_year
1929-11-01,1929,11,-12.5,post_election_year
1929-12-01,1929,12,1.65,post_election_year
1930-01-01,1930,1,5.75,midterm_year
1930-02-01,1930,2,2.8,midterm_year
1930-03-01,1930,3,7.44,midterm_year
1930-04-01,1930,4,-1.84,midterm_year
1930-05-01,1930,5,-1.4,midterm_year
1930-06-01,1930,6,-15.81,midterm_year
1930-07-01,1930,7,4.32,midterm_year
1930-08-01,1930,8,0.39,midterm_year
1930-09-01,1930,9,-12.59,midterm_year
1930-10-01,1930,10,-8.69,midterm_year
1930-11-01,1930,11,-2.91,midterm_year
1930-12-01,1930,12,-7.72,midterm_year
1931-01-01,1931,1,6.4,pre_election_year
1931-02-01,1931,2,10.92,pre_election_year
1931-03-01,1931,3,-6.22,pre_election_year
1931-04-01,1931,4,-9.92,pre_election_year
1931-05-01,1931,5,-13.2,pre_election_year
1931-06-01,1931,6,14.01,pre_election_year
1931-07-01,1931,7,-6.57,pre_election_year
1931-08-01,1931,8,0.43,pre_election_year
1931-09-01,1931,9,-28.71,pre_election_year
1931-10-01,1931,10,8.09,pre_election_year
1931-11-01,1931,11,-8.97,pre_election_year
1931-12-01,1931,12,-13.4,pre_election_year
1932-01-01,1932,1,-1.34,election_year
1932-02-01,1932,2,5.68,election_year
1932-03-01,1932,3,-11.14,election_year
1932-04-01,1932,4,-17.83,election_year
1932-05-01,1932,5,-20.45,election_year
1932-06-01,1932,6,-0.75,election_year
1932-07-01,1932,7,33.63,election_year
1932-08-01,1932,8,37.15,election_year
1932-09-01,1932,9,-2.91,election_year
1932-10-01,1932,10,-13.13,election_year
1932-11-01,1932,11,-5.86,election_year
1932-12-01,1932,12,4.43,election_year
1933-01-01,1933,1,1.25,post_election_year
1933-02-01,1933,2,-15.32,post_election_year
1933-03-01,1933,3,3.1,post_election_year
1933-04-01,1933,4,38.91,post_election_year
1933-05-01,1933,5,21.47,post_election_year
1933-06-01,1933,6,13.12,post_election_year
1933-07-01,1933,7,-9.62,post_election_year
1933-08-01,1933,8,12.07,post_election_year
1933-09-01,1933,9,-10.63,post_election_year
1933-10-01,1933,10,-8.35,post_election_year
1933-11-01,1933,11,9.99,post_election_year
1933-12-01,1933,12,1.84,post_election_year
1934-01-01,1934,1,12.65,midterm_year
1934-02-01,1934,2,-2.49,midterm_year
1934-03-01,1934,3,0.11,midterm_year
1934-04-01,1934,4,-1.78,midterm_year
1934-05-01,1934,5,-7.25,midterm_year
1934-06-01,1934,6,2.72,midterm_year
1934-07-01,1934,7,-10.93,midterm_year
1934-08-01,1934,8,5.59,midterm_year
1934-09-01,1934,9,-0.23,midterm_year
1934-10-01,1934,10,-1.65,midterm_year
1934-11-01,1934,11,8.34,midterm_year
1934-12-01,1934,12,0.37,midterm_year
1935-01-01,1935,1,-3.45,pre_election_year
1935-02-01,1935,2,-1.94,pre_election_year
1935-03-01,1935,3,-3.7,pre_election_year
1935-04-01,1935,4,9.07,pre_election_year
1935-05-01,1935,5,3.47,pre_election_year
1935-06-01,1935,6,5.94,pre_election_year
1935-07-01,1935,7,7.55,pre_election_year
1935-08-01,1935,8,2.66,pre_election_year
1935-09-01,1935,9,2.63,pre_election_year
1935-10-01,1935,10,7.04,pre_election_year
1935-11-01,1935,11,4.89,pre_election_year
1935-12-01,1935,12,4.56,pre_election_year
1936-01-01,1936,1,6.9,election_year
1936-02-01,1936,2,2.5,election_year
1936-03-01,1936,3,0.98,election_year
1936-04-01,1936,4,-8.12,election_year
1936-05-01,1936,5,5.21,election_year
1936-06-01,1936,6,2.43,election_year
1936-07-01,1936,7,6.69,election_year
1936-08-01,1936,8,1.01,election_year
1936-09-01,1936,9,0.98,election_year
1936-10-01,1936,10,7.12,election_year
1936-11-01,1936,11,3.27,election_year
1936-12-01,1936,12,0.2,election_year
1937-01-01,1937,1,3.36,post_election_year
1937-02-01,1937,2,1.1,post_election_year
1937-03-01,1937,3,-0.25,post_election_year
1937-04-01,1937,4,-7.33,post_election_year
1937-05-01,1937,5,-0.77,post_election_year
1937-06-01,1937,6,-4.2,post_election_year
1937-07-01,1937,7,8.94,post_election_year
1937-08-01,1937,8,-4.86,post_election_year
1937-09-01,1937,9,-13.58,post_election_year
1937-10-01,1937,10,-9.57,post_election_year
1937-11-01,1937,11,-8.31,post_election_year
1937-12-01,1937,12,-4.29,post_election_year
1938-01-01,1938,1,0.48,midterm_year
1938-02-01,1938,2,5.85,midterm_year
1938-03-01,1938,3,-23.92,midterm_year
1938-04-01,1938,4,14.49,midterm_year
1938-05-01,1938,5,-3.86,midterm_year
1938-06-01,1938,6,23.89,midterm_year
1938-07-01,1938,7,7.32,midterm_year
1938-08-01,1938,8,-2.68,midterm_year
1938-09-01,1938,9,0.85,midterm_year
1938-10-01,1938,10,7.81,midterm_year
1938-11-01,1938,11,-1.8,midterm_year
1938-12-01,1938,12,4.16,midterm_year
1939-01-01,1939,1,-5.98,pre_election_year
1939-02-01,1939,2,3.52,pre_election_year
1939-03-01,1939,3,-12.04,pre_election_year
1939-04-01,1939,4,-0.18,pre_election_year
1939-05-01,1939,5,6.82,pre_election_year
1939-06-01,1939,6,-5.32,pre_election_year
1939-07-01,1939,7,10.22,pre_election_year
1939-08-01,1939,8,-6.69,pre_election_year
1939-09-01,1939,9,16.9,pre_election_year
1939-10-01,1939,10,-0.53,pre_election_year
1939-11-01,1939,11,-3.65,pre_election_year
1939-12-01,1939,12,2.93,pre_election_year
1940-01-01,1940,1,-2.41,election_year
1940-02-01,1940,2,1.44,election_year
1940-03-01,1940,3,2.05,election_year
1940-04-01,1940,4,0.22,election_year
1940-05-01,1940,5,-22.02,election_year
1940-06-01,1940,6,6.69,election_year
1940-07-01,1940,7,3.18,election_year
1940-08-01,1940,8,2.2,election_year
1940-09-01,1940,9,2.39,election_year
1940-10-01,1940,10,3.03,election_year
1940-11-01,1940,11,-1.65,election_year
1940-12-01,1940,12,0.69,election_year
1941-01-01,1941,1,-4.19,post_election_year
1941-02-01,1941,2,-1.44,post_election_year
1941-03-01,1941,3,0.85,post_election_year
1941-04-01,1941,4,-5.47,post_election_year
1941-05-01,1941,5,1.37,post_election_year
1941-06-01,1941,6,5.83,post_election_year
1941-07-01,1941,7,5.9,post_election_year
1941-08-01,1941,8,-0.16,post_election_year
1941-09-01,1941,9,-0.87,post_election_year
1941-10-01,1941,10,-5.26,post_election_year
1941-11-01,1941,11,-1.95,post_election_year
1941-12-01,1941,12,-4.87,post_election_year
1942-01-01,1942,1,0.81,midterm_year
1942-02-01,1942,2,-2.45,midterm_year
1942-03-01,1942,3,-6.59,midterm_year
1942-04-01,1942,4,-4.36,midterm_year
1942-05-01,1942,5,5.99,midterm_year
1942-06-01,1942,6,2.7,midterm_year
1942-07-01,1942,7,3.54,midterm_year
1942-08-01,1942,8,1.83,midterm_year
1942-09-01,1942,9,2.65,midterm_year
1942-10-01,1942,10,6.85,midterm_year
1942-11-01,1942,11,0.16,midterm_year
1942-12-01,1942,12,5.17,midterm_year
1943-01-01,1943,1,7.16,pre_election_year
1943-02-01,1943,2,6.19,pre_election_year
1943-03-01,1943,3,6.06,pre_election_year
1943-04-01,1943,4,0.84,pre_election_year
1943-05-01,1943,5,5.77,pre_election_year
1943-06-01,1943,6,1.85,pre_election_year
1943-07-01,1943,7,-4.75,pre_election_year
1943-08-01,1943,8,1.33,pre_election_year
1943-09-01,1943,9,2.43,pre_election_year
1943-10-01,1943,10,-1.12,pre_election_year
1943-11-01,1943,11,-5.9,pre_election_year
1943-12-01,1943,12,6.4,pre_election_year
1944-01-01,1944,1,1.77,election_year
1944-02-01,1944,2,0.4,election_year
1944-03-01,1944,3,2.48,election_year
1944-04-01,1944,4,-1.66,election_year
1944-05-01,1944,5,5.11,election_year
1944-06-01,1944,6,5.54,election_year
1944-07-01,1944,7,-1.46,election_year
1944-08-01,1944,8,1.59,election_year
1944-09-01,1944,9,0.04,election_year
1944-10-01,1944,10,0.19,election_year
1944-11-01,1944,11,1.74,election_year
1944-12-01,1944,12,4.06,election_year
1945-01-01,1945,1,2.04,post_election_year
1945-02-01,1945,2,6.25,post_election_year
1945-03-01,1945,3,-3.89,post_election_year
1945-04-01,1945,4,7.83,post_election_year
1945-05-01,1945,5,1.77,post_election_year
1945-06-01,1945,6,0.41,post_election_year
1945-07-01,1945,7,-2.14,post_election_year
1945-08-01,1945,8,6.25,post_election_year
1945-09-01,1945,9,4.8,post_election_year
1945-10-01,1945,10,3.92,post_election_year
1945-11-01,1945,11,5.42,post_election_year
1945-12-01,1945,12,1.22,post_election_year
1946-01-01,1946,1,6.27,midterm_year
1946-02-01,1946,2,-5.81,midterm_year
1946-03-01,1946,3,5.91,midterm_year
1946-04-01,1946,4,4.26,midterm_year
1946-05-01,1946,5,3.97,midterm_year
1946-06-01,1946,6,-3.86,midterm_year
1946-07-01,1946,7,-2.66,midterm_year
1946-08-01,1946,8,-6.43,midterm_year
1946-09-01,1946,9,-10.15,midterm_year
1946-10-01,1946,10,-1.41,midterm_year
1946-11-01,1946,11,0.01,midterm_year
1946-12-01,1946,12,5.0,midterm_year
1947-01-01,1947,1,1.28,pre_election_year
1947-02-01,1947,2,-1.06,pre_election_year
1947-03-01,1947,3,-1.65,pre_election_year
1947-04-01,1947,4,-4.77,pre_election_year
1947-05-01,1947,5,-0.93,pre_election_year
1947-06-01,1947,6,5.33,pre_election_year
1947-07-01,1947,7,4.16,pre_election_year
1947-08-01,1947,8,-1.71,pre_election_year
1947-09-01,1947,9,-0.48,pre_election_year
1947-10-01,1947,10,2.53,pre_election_year
1947-11-01,1947,11,-1.93,pre_election_year
1947-12-01,1947,12,3.09,pre_election_year
1948-01-01,1948,1,-3.86,election_year
1948-02-01,1948,2,-4.31,election_year
1948-03-01,1948,3,8.2,election_year
1948-04-01,1948,4,3.73,election_year
1948-05-01,1948,5,7.4,election_year
1948-06-01,1948,6,-0.02,election_year
1948-07-01,1948,7,-5.0,election_year
1948-08-01,1948,8,0.33,election_year
1948-09-01,1948,9,-2.95,election_year
1948-10-01,1948,10,6.0,election_year
1948-11-01,1948,11,-9.3,election_year
1948-12-01,1948,12,3.3,election_year
1949-01-01,1949,1,0.33,post_election_year
1949-02-01,1949,2,-2.84,post_election_year
1949-03-01,1949,3,4.15,post_election_year
1949-04-01,1949,4,-1.78,post_election_year
1949-05-01,1949,5,-2.88,post_election_year
1949-06-01,1949,6,0.2,post_election_year
1949-07-01,1949,7,5.63,post_election_year
1949-08-01,1949,8,2.68,post_election_year
1949-09-01,1949,9,3.18,post_election_year
1949-10-01,1949,10,3.23,post_election_year
1949-11-01,1949,11,1.89,post_election_year
1949-12-01,1949,12,5.23,post_election_year
1950-01-01,1950,1,1.79,midterm_year
1950-02-01,1950,2,1.57,midterm_year
1950-03-01,1950,3,1.36,midterm_year
1950-04-01,1950,4,4.03,midterm_year
1950-05-01,1950,5,4.42,midterm_year
1950-06-01,1950,6,-5.86,midterm_year
1950-07-01,1950,7,1.47,midterm_year
1950-08-01,1950,8,4.96,midterm_year
1950-09-01,1950,9,4.92,midterm_year
1950-10-01,1950,10,-0.07,midterm_year
1950-11-01,1950,11,2.85,midterm_year
1950-12-01,1950,12,5.68,midterm_year
1951-01-01,1951,1,5.83,pre_election_year
1951-02-01,1951,2,1.5,pre_election_year
1951-03-01,1951,3,-2.05,pre_election_year
1951-04-01,1951,4,4.99,pre_election_year
1951-05-01,1951,5,-2.24,pre_election_year
1951-06-01,1951,6,-2.51,pre_election_year
1951-07-01,1951,7,7.08,pre_election_year
1951-08-01,1951,8,4.42,pre_election_year
1951-09-01,1951,9,0.82,pre_election_year
1951-10-01,1951,10,-2.37,pre_election_year
1951-11-01,1951,11,0.69,pre_election_year
1951-12-01,1951,12,3.45,pre_election_year
1952-01-01,1952,1,1.6,election_year
1952-02-01,1952,2,-2.52,election_year
1952-03-01,1952,3,4.55,election_year
1952-04-01,1952,4,-4.85,election_year
1952-05-01,1952,5,3.33,election_year
1952-06-01,1952,6,3.99,election_year
1952-07-01,1952,7,1.06,election_year
1952-08-01,1952,8,-0.62,election_year
1952-09-01,1952,9,-1.88,election_year
1952-10-01,1952,10,-0.52,election_year
1952-11-01,1952,11,6.06,election_year
1952-12-01,1952,12,3.09,election_year
1953-01-01,1953,1,-0.18,post_election_year
1953-02-01,1953,2,-0.13,post_election_year
1953-03-01,1953,3,-1.26,post_election_year
1953-04-01,1953,4,-2.67,post_election_year
1953-05-01,1953,5,0.68,post_election_year
1953-06-01,1953,6,-1.71,post_election_year
1953-07-01,1953,7,2.55,post_election_year
1953-08-01,1953,8,-4.39,post_election_year
1953-09-01,1953,9,0.37,post_election_year
1953-10-01,1953,10,4.73,post_election_year
1953-11-01,1953,11,2.92,post_election_year
1953-12-01,1953,12,0.15,post_election_year
1954-01-01,1954,1,5.24,midterm_year
1954-02-01,1954,2,1.74,midterm_year
1954-03-01,1954,3,3.74,midterm_year
1954-04-01,1954,4,4.36,midterm_year
1954-05-01,1954,5,3.15,midterm_year
1954-06-01,1954,6,1.14,midterm_year
1954-07-01,1954,7,5.05,midterm_year
1954-08-01,1954,8,-2.3,midterm_year
1954-09-01,1954,9,6.49,midterm_year
1954-10-01,1954,10,-1.6,midterm_year
1954-11-01,1954,11,9.47,midterm_year
1954-12-01,1954,12,5.57,midterm_year
1955-01-01,1955,1,0.68,pre_election_year
1955-02-01,1955,2,3.11,pre_election_year
1955-03-01,1955,3,-0.05,pre_election_year
1955-04-01,1955,4,3.21,pre_election_year
1955-05-01,1955,5,1.08,pre_election_year
1955-06-01,1955,6,6.65,pre_election_year
1955-07-01,1955,7,1.99,pre_election_year
1955-08-01,1955,8,0.38,pre_election_year
1955-09-01,1955,9,-0.21,pre_election_year
1955-10-01,1955,10,-2.49,pre_election_year
1955-11-01,1955,11,7.21,pre_election_year
1955-12-01,1955,12,1.67,pre_election_year
1956-01-01,1956,1,-2.81,election_year
1956-02-01,1956,2,3.97,election_year
1956-03-01,1956,3,6.79,election_year
1956-04-01,1956,4,0.47,election_year
1956-05-01,1956,5,-4.99,election_year
1956-06-01,1956,6,3.67,election_year
1956-07-01,1956,7,5.06,election_year
1956-08-01,1956,8,-3.02,election_year
1956-09-01,1956,9,-4.96,election_year
1956-10-01,1956,10,0.77,election_year
1956-11-01,1956,11,0.55,election_year
1956-12-01,1956,12,3.4,election_year
1957-01-01,1957,1,-3.3,post_election_year
1957-02-01,1957,2,-1.83,post_election_year
1957-03-01,1957,3,2.36,post_election_year
1957-04-01,1957,4,4.51,post_election_year
1957-05-01,1957,5,3.72,post_election_year
1957-06-01,1957,6,-0.51,post_election_year
1957-07-01,1957,7,0.96,post_election_year
1957-08-01,1957,8,-4.87,post_election_year
1957-09-01,1957,9,-5.73,post_election_year
1957-10-01,1957,10,-4.03,post_election_year
1957-11-01,1957,11,2.59,post_election_year
1957-12-01,1957,12,-3.66,post_election_year
1958-01-01,1958,1,4.93,midterm_year
1958-02-01,1958,2,-1.41,midterm_year
1958-03-01,1958,3,3.36,midterm_year
1958-04-01,1958,4,3.17,midterm_year
1958-05-01,1958,5,2.43,midterm_year
1958-06-01,1958,6,2.96,midterm_year
1958-07-01,1958,7,4.46,midterm_year
1958-08-01,1958,8,1.94,midterm_year
1958-09-01,1958,9,4.85,midterm_year
1958-10-01,1958,10,2.71,midterm_year
1958-11-01,1958,11,3.12,midterm_year
1958-12-01,1958,12,5.38,midterm_year
1959-01-01,1959,1,0.92,pre_election_year
1959-02-01,1959,2,1.14,pre_election_year
1959-03-01,1959,3,0.5,pre_election_year
1959-04-01,1959,4,3.86,pre_election_year
1959-05-01,1959,5,1.95,pre_election_year
1959-06-01,1959,6,0.0,pre_election_year
1959-07-01,1959,7,3.43,pre_election_year
1959-08-01,1959,8,-1.19,pre_election_year
1959-09-01,1959,9,-4.5,pre_election_year
1959-10-01,1959,10,1.58,pre_election_year
1959-11-01,1959,11,1.86,pre_election_year
1959-12-01,1959,12,2.8,pre_election_year
1960-01-01,1960,1,-6.65,election_year
1960-02-01,1960,2,1.45,election_year
1960-03-01,1960,3,-1.28,election_year
1960-04-01,1960,4,-1.52,election_year
1960-05-01,1960,5,3.39,election_year
1960-06-01,1960,6,2.32,election_year
1960-07-01,1960,7,-2.24,election_year
1960-08-01,1960,8,3.17,election_year
1960-09-01,1960,9,-5.84,election_year
1960-10-01,1960,10,-0.49,election_year
1960-11-01,1960,11,4.82,election_year
1960-12-01,1960,12,4.89,election_year
1961-01-01,1961,1,6.39,post_election_year
1961-02-01,1961,2,3.71,post_election_year
1961-03-01,1961,3,3.09,post_election_year
1961-04-01,1961,4,0.46,post_election_year
1961-05-01,1961,5,2.58,post_election_year
1961-06-01,1961,6,-2.88,post_election_year
1961-07-01,1961,7,3.01,post_election_year
1961-08-01,1961,8,2.71,post_election_year
1961-09-01,1961,9,-1.98,post_election_year
1961-10-01,1961,10,2.77,post_election_year
1961-11-01,1961,11,4.6,post_election_year
1961-12-01,1961,12,0.02,post_election_year
1962-01-01,1962,1,-3.63,midterm_year
1962-02-01,1962,2,2.01,midterm_year
1962-03-01,1962,3,-0.48,midterm_year
1962-04-01,1962,4,-6.37,midterm_year
1962-05-01,1962,5,-8.42,midterm_year
1962-06-01,1962,6,-8.3,midterm_year
1962-07-01,1962,7,6.54,midterm_year
1962-08-01,1962,8,2.36,midterm_year
1962-09-01,1962,9,-5.01,midterm_year
1962-10-01,1962,10,0.21,midterm_year
1962-11-01,1962,11,11.09,midterm_year
1962-12-01,1962,12,1.24,midterm_year
1963-01-01,1963,1,5.19,pre_election_year
1963-02-01,1963,2,-2.17,pre_election_year
1963-03-01,1963,3,3.31,pre_election_year
1963-04-01,1963,4,4.76,pre_election_year
1963-05-01,1963,5,2.0,pre_election_year
1963-06-01,1963,6,-1.77,pre_election_year
1963-07-01,1963,7,-0.12,pre_election_year
1963-08-01,1963,8,5.33,pre_election_year
1963-09-01,1963,9,-1.3,pre_election_year
1963-10-01,1963,10,2.83,pre_election_year
1963-11-01,1963,11,-0.59,pre_election_year
1963-12-01,1963,12,2.12,pre_election_year
1964-01-01,1964,1,2.54,election_year
1964-02-01,1964,2,1.81,election_year
1964-03-01,1964,3,1.72,election_year
1964-04-01,1964,4,0.39,election_year
1964-05-01,1964,5,1.67,election_year
1964-06-01,1964,6,1.57,election_year
1964-07-01,1964,7,2.04,election_year
1964-08-01,1964,8,-1.16,election_year
1964-09-01,1964,9,2.97,election_year
1964-10-01,1964,10,0.89,election_year
1964-11-01,1964,11,0.28,election_year
1964-12-01,1964,12,0.35,election_year
1965-01-01,1965,1,3.82,post_election_year
1965-02-01,1965,2,0.74,post_election_year
1965-03-01,1965,3,-0.98,post_election_year
1965-04-01,1965,4,3.42,post_election_year
1965-05-01,1965,5,-0.47,post_election_year
1965-06-01,1965,6,-5.16,post_election_year
1965-07-01,1965,7,1.75,post_election_year
1965-08-01,1965,8,3.06,post_election_year
1965-09-01,1965,9,3.17,post_election_year
1965-10-01,1965,10,2.91,post_election_year
1965-11-01,1965,11,0.32,post_election_year
1965-12-01,1965,12,1.34,post_election_year
1966-01-01,1966,1,1.1,midterm_year
1966-02-01,1966,2,-0.86,midterm_year
1966-03-01,1966,3,-2.13,midterm_year
1966-04-01,1966,4,2.47,midterm_year
1966-05-01,1966,5,-5.26,midterm_year
1966-06-01,1966,6,-1.06,midterm_year
1966-07-01,1966,7,-1.28,midterm_year
1966-08-01,1966,8,-7.53,midterm_year
1966-09-01,1966,9,-0.66,midterm_year
1966-10-01,1966,10,4.31,midterm_year
1966-11-01,1966,11,1.78,midterm_year
1966-12-01,1966,12,0.53,midterm_year
1967-01-01,1967,1,8.58,pre_election_year
1967-02-01,1967,2,1.13,pre_election_year
1967-03-01,1967,3,4.38,pre_election_year
1967-04-01,1967,4,4.21,pre_election_year
1967-05-01,1967,5,-3.99,pre_election_year
1967-06-01,1967,6,2.69,pre_election_year
1967-07-01,1967,7,4.9,pre_election_year
1967-08-01,1967,8,-0.59,pre_election_year
1967-09-01,1967,9,3.42,pre_election_year
1967-10-01,1967,10,-2.69,pre_election_year
1967-11-01,1967,11,0.73,pre_election_year
1967-12-01,1967,12,3.38,pre_election_year
1968-01-01,1968,1,-3.63,election_year
1968-02-01,1968,2,-3.35,election_year
1968-03-01,1968,3,0.59,election_year
1968-04-01,1968,4,9.45,election_year
1968-05-01,1968,5,2.73,election_year
1968-06-01,1968,6,1.13,election_year
1968-07-01,1968,7,-2.21,election_year
1968-08-01,1968,8,1.77,election_year
1968-09-01,1968,9,4.48,election_year
1968-10-01,1968,10,0.87,election_year
1968-11-01,1968,11,5.85,election_year
1968-12-01,1968,12,-3.5,election_year
1969-01-01,1969,1,-0.72,post_election_year
1969-02-01,1969,2,-5.4,post_election_year
1969-03-01,1969,3,3.12,post_election_year
1969-04-01,1969,4,1.99,post_election_year
1969-05-01,1969,5,0.39,post_election_year
1969-06-01,1969,6,-6.68,post_election_year
1969-07-01,1969,7,-6.47,post_election_year
1969-08-01,1969,8,5.19,post_election_year
1969-09-01,1969,9,-2.35,post_election_year
1969-10-01,1969,10,5.66,post_election_year
1969-11-01,1969,11,-3.28,post_election_year
1969-12-01,1969,12,-1.99,post_election_year
1970-01-01,1970,1,-7.5,midterm_year
1970-02-01,1970,2,5.76,midterm_year
1970-03-01,1970,3,-0.49,midterm_year
1970-04-01,1970,4,-10.49,midterm_year
1970-05-01,1970,5,-6.37,midterm_year
1970-06-01,1970,6,-5.22,midterm_year
1970-07-01,1970,7,7.44,midterm_year
1970-08-01,1970,8,5.03,midterm_year
1970-09-01,1970,9,4.72,midterm_year
1970-10-01,1970,10,-1.81,midterm_year
1970-11-01,1970,11,5.08,midterm_year
1970-12-01,1970,12,6.16,midterm_year
1971-01-01,1971,1,5.21,pre_election_year
1971-02-01,1971,2,1.74,pre_election_year
1971-03-01,1971,3,4.42,pre_election_year
1971-04-01,1971,4,3.43,pre_election_year
1971-05-01,1971,5,-3.7,pre_election_year
1971-06-01,1971,6,0.28,pre_election_year
1971-07-01,1971,7,-4.09,pre_election_year
1971-08-01,1971,8,4.26,pre_election_year
1971-09-01,1971,9,-0.49,pre_election_year
1971-10-01,1971,10,-4.05,pre_election_year
1971-11-01,1971,11,-0.09,pre_election_year
1971-12-01,1971,12,9.08,pre_election_year
1972-01-01,1972,1,2.76,election_year
1972-02-01,1972,2,3.12,election_year
1972-03-01,1972,3,0.89,election_year
1972-04-01,1972,4,0.58,election_year
1972-05-01,1972,5,1.59,election_year
1972-06-01,1972,6,-2.14,election_year
1972-07-01,1972,7,-0.49,election_year
1972-08-01,1972,8,3.56,election_year
1972-09-01,1972,9,-0.8,election_year
1972-10-01,1972,10,0.92,election_year
1972-11-01,1972,11,4.97,election_year
1972-12-01,1972,12,0.99,election_year
1973-01-01,1973,1,-2.83,post_election_year
1973-02-01,1973,2,-4.43,post_election_year
1973-03-01,1973,3,-0.84,post_election_year
1973-04-01,1973,4,-5.16,post_election_year
1973-05-01,1973,5,-2.46,post_election_year
1973-06-01,1973,6,-1.06,post_election_year
1973-07-01,1973,7,5.68,post_election_year
1973-08-01,1973,8,-3.12,post_election_year
1973-09-01,1973,9,5.42,post_election_year
1973-10-01,1973,10,-0.18,post_election_year
1973-11-01,1973,11,-12.22,post_election_year
1973-12-01,1973,12,1.23,post_election_year
1974-01-01,1974,1,0.47,midterm_year
1974-02-01,1974,2,0.12,midterm_year
1974-03-01,1974,3,-2.26,midterm_year
1974-04-01,1974,4,-4.53,midterm_year
1974-05-01,1974,5,-3.95,midterm_year
1974-06-01,1974,6,-2.24,midterm_year
1974-07-01,1974,7,-7.36,midterm_year
1974-08-01,1974,8,-8.79,midterm_year
1974-09-01,1974,9,-10.98,midterm_year
1974-10-01,1974,10,16.62,midterm_year
1974-11-01,1974,11,-3.99,midterm_year
1974-12-01,1974,12,-2.74,midterm_year
1975-01-01,1975,1,14.25,pre_election_year
1975-02-01,1975,2,5.99,pre_election_year
1975-03-01,1975,3,3.07,pre_election_year
1975-04-01,1975,4,4.66,pre_election_year
1975-05-01,1975,5,5.64,pre_election_year
1975-06-01,1975,6,5.28,pre_election_year
1975-07-01,1975,7,-6.12,pre_election_year
1975-08-01,1975,8,-2.36,pre_election_year
1975-09-01,1975,9,-3.73,pre_election_year
1975-10-01,1975,10,5.88,pre_election_year
1975-11-01,1975,11,3.06,pre_election_year
1975-12-01,1975,12,-1.12,pre_election_year
1976-01-01,1976,1,12.62,election_year
1976-02-01,1976,2,0.65,election_year
1976-03-01,1976,3,2.72,election_year
1976-04-01,1976,4,-1.07,election_year
1976-05-01,1976,5,-0.97,election_year
1976-06-01,1976,6,4.49,election_year
1976-07-01,1976,7,-0.59,election_year
1976-08-01,1976,8,-0.15,election_year
1976-09-01,1976,9,2.5,election_year
1976-10-01,1976,10,-2.01,election_year
1976-11-01,1976,11,0.76,election_year
1976-12-01,1976,12,6.05,election_year
1977-01-01,1977,1,-3.67,post_election_year
1977-02-01,1977,2,-1.59,post_election_year
1977-03-01,1977,3,-0.97,post_election_year
1977-04-01,1977,4,0.53,post_election_year
1977-05-01,1977,5,-1.1,post_election_year
1977-06-01,1977,6,5.12,post_election_year
1977-07-01,1977,7,-1.27,post_election_year
1977-08-01,1977,8,-1.32,post_election_year
1977-09-01,1977,9,0.16,post_election_year
1977-10-01,1977,10,-3.9,post_election_year
1977-11-01,1977,11,4.5,post_election_year
1977-12-01,1977,12,0.76,post_election_year
1978-01-01,1978,1,-5.51,midterm_year
1978-02-01,1978,2,-0.93,midterm_year
1978-03-01,1978,3,3.38,midterm_year
1978-04-01,1978,4,8.41,midterm_year
1978-05-01,1978,5,2.27,midterm_year
1978-06-01,1978,6,-1.15,midterm_year
1978-07-01,1978,7,5.68,midterm_year
1978-08-01,1978,8,4.34,midterm_year
1978-09-01,1978,9,-0.82,midterm_year
1978-10-01,1978,10,-11.22,midterm_year
1978-11-01,1978,11,3.41,midterm_year
1978-12-01,1978,12,1.65,midterm_year
1979-01-01,1979,1,4.99,pre_election_year
1979-02-01,1979,2,-2.83,pre_election_year
1979-03-01,1979,3,6.48,pre_election_year
1979-04-01,1979,4,0.73,pre_election_year
1979-05-01,1979,5,-1.38,pre_election_year
1979-06-01,1979,6,4.65,pre_election_year
1979-07-01,1979,7,1.6,pre_election_year
1979-08-01,1979,8,6.31,pre_election_year
1979-09-01,1979,9,0.0,pre_election_year
1979-10-01,1979,10,-7.23,pre_election_year
1979-11-01,1979,11,6.21,pre_election_year
1979-12-01,1979,12,2.73,pre_election_year
1980-01-01,1980,1,6.3,election_year
1980-02-01,1980,2,-0.34,election_year
1980-03-01,1980,3,-11.69,election_year
1980-04-01,1980,4,5.21,election_year
1980-05-01,1980,5,6.07,election_year
1980-06-01,1980,6,3.59,election_year
1980-07-01,1980,7,7.04,election_year
1980-08-01,1980,8,2.39,election_year
1980-09-01,1980,9,2.94,election_year
1980-10-01,1980,10,1.99,election_year
1980-11-01,1980,11,10.56,election_year
1980-12-01,1980,12,-3.15,election_year
1981-01-01,1981,1,-4.02,post_election_year
1981-02-01,1981,2,1.68,post_election_year
1981-03-01,1981,3,4.88,post_election_year
1981-04-01,1981,4,-1.08,post_election_year
1981-05-01,1981,5,1.28,post_election_year
1981-06-01,1981,6,-0.99,post_election_year
1981-07-01,1981,7,-0.31,post_election_year
1981-08-01,1981,8,-5.74,post_election_year
1981-09-01,1981,9,-5.95,post_election_year
1981-10-01,1981,10,6.13,post_election_year
1981-11-01,1981,11,4.47,post_election_year
1981-12-01,1981,12,-2.76,post_election_year
1982-01-01,1982,1,-2.43,midterm_year
1982-02-01,1982,2,-4.94,midterm_year
1982-03-01,1982,3,-0.84,midterm_year
1982-04-01,1982,4,4.37,midterm_year
1982-05-01,1982,5,-2.87,midterm_year
1982-06-01,1982,6,-2.12,midterm_year
1982-07-01,1982,7,-2.15,midterm_year
1982-08-01,1982,8,11.99,midterm_year
1982-09-01,1982,9,1.82,midterm_year
1982-10-01,1982,10,11.89,midterm_year
1982-11-01,1982,11,5.31,midterm_year
1982-12-01,1982,12,1.23,midterm_year
1983-01-01,1983,1,4.28,pre_election_year
1983-02-01,1983,2,3.21,pre_election_year
1983-03-01,1983,3,3.44,pre_election_year
1983-04-01,1983,4,7.37,pre_election_year
1983-05-01,1983,5,1.2,pre_election_year
1983-06-01,1983,6,3.74,pre_election_year
1983-07-01,1983,7,-3.32,pre_election_year
1983-08-01,1983,8,0.26,pre_election_year
1983-09-01,1983,9,1.68,pre_election_year
1983-10-01,1983,10,-2.67,pre_election_year
1983-11-01,1983,11,2.87,pre_election_year
1983-12-01,1983,12,-1.04,pre_election_year
1984-01-01,1984,1,-1.16,election_year
1984-02-01,1984,2,-4.06,election_year
1984-03-01,1984,3,1.38,election_year
1984-04-01,1984,4,0.3,election_year
1984-05-01,1984,5,-5.2,election_year
1984-06-01,1984,6,2.56,election_year
1984-07-01,1984,7,-1.9,election_year
1984-08-01,1984,8,11.1,election_year
1984-09-01,1984,9,0.06,election_year
1984-10-01,1984,10,0.16,election_year
1984-11-01,1984,11,-1.04,election_year
1984-12-01,1984,12,2.48,election_year
1985-01-01,1985,1,8.62,post_election_year
1985-02-01,1985,2,1.8,post_election_year
1985-03-01,1985,3,-0.21,post_election_year
1985-04-01,1985,4,-0.24,post_election_year
1985-05-01,1985,5,5.73,post_election_year
1985-06-01,1985,6,1.82,post_election_year
1985-07-01,1985,7,-0.1,post_election_year
1985-08-01,1985,8,-0.46,post_election_year
1985-09-01,1985,9,-3.91,post_election_year
1985-10-01,1985,10,4.65,post_election_year
1985-11-01,1985,11,7.07,post_election_year
1985-12-01,1985,12,4.53,post_election_year
1986-01-01,1986,1,1.21,midterm_year
1986-02-01,1986,2,7.67,midterm_year
1986-03-01,1986,3,5.51,midterm_year
1986-04-01,1986,4,-0.76,midterm_year
1986-05-01,1986,5,5.11,midterm_year
1986-06-01,1986,6,1.58,midterm_year
1986-07-01,1986,7,-5.91,midterm_year
1986-08-01,1986,8,6.53,midterm_year
1986-09-01,1986,9,-8.14,midterm_year
1986-10-01,1986,10,5.1,midterm_year
1986-11-01,1986,11,1.56,midterm_year
1986-12-01,1986,12,-2.77,midterm_year
1987-01-01,1987,1,12.87,pre_election_year
1987-02-01,1987,2,4.81,pre_election_year
1987-03-01,1987,3,2.1,pre_election_year
1987-04-01,1987,4,-1.65,pre_election_year
1987-05-01,1987,5,0.49,pre_election_year
1987-06-01,1987,6,4.39,pre_election_year
1987-07-01,1987,7,4.3,pre_election_year
1987-08-01,1987,8,3.99,pre_election_year
1987-09-01,1987,9,-2.13,pre_election_year
1987-10-01,1987,10,-22.59,pre_election_year
1987-11-01,1987,11,-7.41,pre_election_year
1987-12-01,1987,12,7.21,pre_election_year
1988-01-01,1988,1,4.5,election_year
1988-02-01,1988,2,5.23,election_year
1988-03-01,1988,3,-1.82,election_year
1988-04-01,1988,4,1.03,election_year
1988-05-01,1988,5,0.24,election_year
1988-06-01,1988,6,5.27,election_year
1988-07-01,1988,7,-0.74,election_year
1988-08-01,1988,8,-2.72,election_year
1988-09-01,1988,9,3.93,election_year
1988-10-01,1988,10,1.77,election_year
1988-11-01,1988,11,-1.7,election_year
1988-12-01,1988,12,2.11,election_year
1989-01-01,1989,1,6.62,post_election_year
1989-02-01,1989,2,-1.62,post_election_year
1989-03-01,1989,3,2.24,post_election_year
1989-04-01,1989,4,5.02,post_election_year
1989-05-01,1989,5,4.07,post_election_year
1989-06-01,1989,6,-0.62,post_election_year
1989-07-01,1989,7,7.88,post_election_year
1989-08-01,1989,8,2.17,post_election_year
1989-09-01,1989,9,-0.11,post_election_year
1989-10-01,1989,10,-2.97,post_election_year
1989-11-01,1989,11,1.73,post_election_year
1989-12-01,1989,12,1.79,post_election_year
1990-01-01,1990,1,-7.23,midterm_year
1990-02-01,1990,2,1.69,midterm_year
1990-03-01,1990,3,2.47,midterm_year
1990-04-01,1990,4,-2.67,midterm_year
1990-05-01,1990,5,9.11,midterm_year
1990-06-01,1990,6,-0.46,midterm_year
1990-07-01,1990,7,-1.22,midterm_year
1990-08-01,1990,8,-9.46,midterm_year
1990-09-01,1990,9,-5.51,midterm_year
1990-10-01,1990,10,-1.24,midterm_year
1990-11-01,1990,11,6.92,midterm_year
1990-12-01,1990,12,3.06,midterm_year
1991-01-01,1991,1,5.21,pre_election_year
1991-02-01,1991,2,7.67,pre_election_year
1991-03-01,1991,3,3.1,pre_election_year
1991-04-01,1991,4,0.25,pre_election_year
1991-05-01,1991,5,4.13,pre_election_year
1991-06-01,1991,6,-4.52,pre_election_year
1991-07-01,1991,7,4.73,pre_election_year
1991-08-01,1991,8,2.78,pre_election_year
1991-09-01,1991,9,-1.13,pre_election_year
1991-10-01,1991,10,1.71,pre_election_year
1991-11-01,1991,11,-3.81,pre_election_year
1991-12-01,1991,12,11.23,pre_election_year
1992-01-01,1992,1,-0.25,election_year
1992-02-01,1992,2,1.36,election_year
1992-03-01,1992,3,-2.31,election_year
1992-04-01,1992,4,1.41,election_year
1992-05-01,1992,5,0.58,election_year
1992-06-01,1992,6,-2.01,election_year
1992-07-01,1992,7,4.09,election_year
1992-08-01,1992,8,-2.12,election_year
1992-09-01,1992,9,1.45,election_year
1992-10-01,1992,10,1.25,election_year
1992-11-01,1992,11,4.37,election_year
1992-12-01,1992,12,1.81,election_year
1993-01-01,1993,1,1.16,post_election_year
1993-02-01,1993,2,0.34,post_election_year
1993-03-01,1993,3,2.57,post_election_year
1993-04-01,1993,4,-2.81,post_election_year
1993-05-01,1993,5,3.11,post_election_year
1993-06-01,1993,6,0.55,post_election_year
1993-07-01,1993,7,-0.1,post_election_year
1993-08-01,1993,8,3.97,post_election_year
1993-09-01,1993,9,0.14,post_election_year
1993-10-01,1993,10,1.64,post_election_year
1993-11-01,1993,11,-1.62,post_election_year
1993-12-01,1993,12,1.88,post_election_year
1994-01-01,1994,1,3.12,midterm_year
1994-02-01,1994,2,-2.34,midterm_year
1994-03-01,1994,3,-4.52,midterm_year
1994-04-01,1994,4,0.95,midterm_year
1994-05-01,1994,5,0.9,midterm_year
1994-06-01,1994,6,-2.73,midterm_year
1994-07-01,1994,7,3.1,midterm_year
1994-08-01,1994,8,4.39,midterm_year
1994-09-01,1994,9,-1.91,midterm_year
1994-10-01,1994,10,1.73,midterm_year
1994-11-01,1994,11,-3.66,midterm_year
1994-12-01,1994,12,1.3,midterm_year
1995-01-01,1995,1,2.22,pre_election_year
1995-02-01,1995,2,4.03,pre_election_year
1995-03-01,1995,3,2.65,pre_election_year
1995-04-01,1995,4,2.55,pre_election_year
1995-05-01,1995,5,3.44,pre_election_year
1995-06-01,1995,6,3.19,pre_election_year
1995-07-01,1995,7,4.16,pre_election_year
1995-08-01,1995,8,1.02,pre_election_year
1995-09-01,1995,9,3.79,pre_election_year
1995-10-01,1995,10,-1.04,pre_election_year
1995-11-01,1995,11,4.38,pre_election_year
1995-12-01,1995,12,1.53,pre_election_year
1996-01-01,1996,1,2.69,election_year
1996-02-01,1996,2,1.72,election_year
1996-03-01,1996,3,1.13,election_year
1996-04-01,1996,4,2.52,election_year
1996-05-01,1996,5,2.78,election_year
1996-06-01,1996,6,-0.73,election_year
1996-07-01,1996,7,-5.51,election_year
1996-08-01,1996,8,3.18,election_year
1996-09-01,1996,9,5.45,election_year
1996-10-01,1996,10,1.29,election_year
1996-11-01,1996,11,6.66,election_year
1996-12-01,1996,12,-1.24,election_year
1997-01-01,1997,1,5.41,post_election_year
1997-02-01,1997,2,-0.09,post_election_year
1997-03-01,1997,3,-4.59,post_election_year
1997-04-01,1997,4,4.47,post_election_year
1997-05-01,1997,5,7.22,post_election_year
1997-06-01,1997,6,4.47,post_election_year
1997-07-01,1997,7,7.74,post_election_year
1997-08-01,1997,8,-3.69,post_election_year
1997-09-01,1997,9,5.78,post_election_year
1997-10-01,1997,10,-3.38,post_election_year
1997-11-01,1997,11,3.38,post_election_year
1997-12-01,1997,12,1.81,post_election_year
1998-01-01,1998,1,0.58,midterm_year
1998-02-01,1998,2,7.42,midterm_year
1998-03-01,1998,3,5.15,midterm_year
1998-04-01,1998,4,1.17,midterm_year
1998-05-01,1998,5,-2.67,midterm_year
1998-06-01,1998,6,3.6,midterm_year
1998-07-01,1998,7,-2.02,midterm_year
1998-08-01,1998,8,-15.62,midterm_year
1998-09-01,1998,9,6.65,midterm_year
1998-10-01,1998,10,7.3,midterm_year
1998-11-01,1998,11,6.38,midterm_year
1998-12-01,1998,12,6.53,midterm_year
1999-01-01,1999,1,3.83,pre_election_year
1999-02-01,1999,2,-3.73,pre_election_year
1999-03-01,1999,3,3.91,pre_election_year
1999-04-01,1999,4,4.71,pre_election_year
1999-05-01,1999,5,-2.12,pre_election_year
1999-06-01,1999,6,5.17,pre_election_year
1999-07-01,1999,7,-3.11,pre_election_year
1999-08-01,1999,8,-0.98,pre_election_year
1999-09-01,1999,9,-2.38,pre_election_year
1999-10-01,1999,10,6.48,pre_election_year
1999-11-01,1999,11,3.77,pre_election_year
1999-12-01,1999,12,8.1,pre_election_year
2000-01-01,2000,1,-4.33,election_year
2000-02-01,2000,2,2.89,election_year
2000-03-01,2000,3,5.68,election_year
2000-04-01,2000,4,-5.93,election_year
2000-05-01,2000,5,-3.89,election_year
2000-06-01,2000,6,5.08,election_year
2000-07-01,2000,7,-2.0,election_year
2000-08-01,2000,8,7.53,election_year
2000-09-01,2000,9,-4.93,election_year
2000-10-01,2000,10,-2.22,election_year
2000-11-01,2000,11,-10.19,election_year
2000-12-01,2000,12,1.68,election_year
2001-01-01,2001,1,3.79,post_election_year
2001-02-01,2001,2,-9.65,post_election_year
2001-03-01,2001,3,-6.83,post_election_year
2001-04-01,2001,4,8.32,post_election_year
2001-05-01,2001,5,1.0,post_election_year
2001-06-01,2001,6,-1.66,post_election_year
2001-07-01,2001,7,-1.83,post_election_year
2001-08-01,2001,8,-6.09,post_election_year
2001-09-01,2001,9,-8.96,post_election_year
2001-10-01,2001,10,2.7,post_election_year
2001-11-01,2001,11,7.7,post_election_year
2001-12-01,2001,12,1.76,post_election_year
2002-01-01,2002,1,-1.3,midterm_year
2002-02-01,2002,2,-2.17,midterm_year
2002-03-01,2002,3,4.37,midterm_year
2002-04-01,2002,4,-5.06,midterm_year
2002-05-01,2002,5,-1.22,midterm_year
2002-06-01,2002,6,-7.1,midterm_year
2002-07-01,2002,7,-8.04,midterm_year
2002-08-01,2002,8,0.64,midterm_year
2002-09-01,2002,9,-10.2,midterm_year
2002-10-01,2002,10,7.98,midterm_year
2002-11-01,2002,11,6.08,midterm_year
2002-12-01,2002,12,-5.65,midterm_year
2003-01-01,2003,1,-2.47,pre_election_year
2003-02-01,2003,2,-1.79,pre_election_year
2003-03-01,2003,3,1.19,pre_election_year
2003-04-01,2003,4,8.28,pre_election_year
2003-05-01,2003,5,6.14,pre_election_year
2003-06-01,2003,6,1.52,pre_election_year
2003-07-01,2003,7,2.4,pre_election_year
2003-08-01,2003,8,2.4,pre_election_year
2003-09-01,2003,9,-1.16,pre_election_year
2003-10-01,2003,10,6.15,pre_election_year
2003-11-01,2003,11,1.42,pre_election_year
2003-12-01,2003,12,4.37,pre_election_year
2004-01-01,2004,1,2.22,election_year
2004-02-01,2004,2,1.46,election_year
2004-03-01,2004,3,-1.23,election_year
2004-04-01,2004,4,-1.73,election_year
2004-05-01,2004,5,1.24,election_year
2004-06-01,2004,6,1.93,election_year
2004-07-01,2004,7,-3.94,election_year
2004-08-01,2004,8,0.18,election_year
2004-09-01,2004,9,1.71,election_year
2004-10-01,2004,10,1.53,election_year
2004-11-01,2004,11,4.68,election_year
2004-12-01,2004,12,3.58,election_year
2005-01-01,2005,1,-2.59,post_election_year
2005-02-01,2005,2,2.04,post_election_year
2005-03-01,2005,3,-1.73,post_election_year
2005-04-01,2005,4,-2.4,post_election_year
2005-05-01,2005,5,3.89,post_election_year
2005-06-01,2005,6,0.81,post_election_year
2005-07-01,2005,7,4.16,post_election_year
2005-08-01,2005,8,-0.9,post_election_year
2005-09-01,2005,9,0.77,post_election_year
2005-10-01,2005,10,-1.77,post_election_year
2005-11-01,2005,11,3.92,post_election_year
2005-12-01,2005,12,0.08,post_election_year
2006-01-01,2006,1,3.38,midterm_year
2006-02-01,2006,2,0.04,midterm_year
2006-03-01,2006,3,1.84,midterm_year
2006-04-01,2006,4,1.09,midterm_year
2006-05-01,2006,5,-3.13,midterm_year
2006-06-01,2006,6,0.05,midterm_year
2006-07-01,2006,7,-0.37,midterm_year
2006-08-01,2006,8,2.45,midterm_year
2006-09-01,2006,9,2.25,midterm_year
2006-10-01,2006,10,3.63,midterm_year
2006-11-01,2006,11,2.12,midterm_year
2006-12-01,2006,12,1.25,midterm_year
2007-01-01,2007,1,1.82,pre_election_year
2007-02-01,2007,2,-1.58,pre_election_year
2007-03-01,2007,3,1.14,pre_election_year
2007-04-01,2007,4,3.93,pre_election_year
2007-05-01,2007,5,3.64,pre_election_year
2007-06-01,2007,6,-1.56,pre_election_year
2007-07-01,2007,7,-3.32,pre_election_year
2007-08-01,2007,8,1.36,pre_election_year
2007-09-01,2007,9,3.54,pre_election_year
2007-10-01,2007,10,2.11,pre_election_year
2007-11-01,2007,11,-4.46,pre_election_year
2007-12-01,2007,12,-0.6,pre_election_year
2008-01-01,2008,1,-6.12,election_year
2008-02-01,2008,2,-2.96,election_year
2008-03-01,2008,3,-0.77,election_year
2008-04-01,2008,4,4.79,election_year
2008-05-01,2008,5,2.05,election_year
2008-06-01,2008,6,-8.26,election_year
2008-07-01,2008,7,-0.6,election_year
2008-08-01,2008,8,1.66,election_year
2008-09-01,2008,9,-9.2,election_year
2008-10-01,2008,10,-17.12,election_year
2008-11-01,2008,11,-7.71,election_year
2008-12-01,2008,12,1.77,election_year
2009-01-01,2009,1,-8.09,post_election_year
2009-02-01,2009,2,-10.13,post_election_year
2009-03-01,2009,3,9.03,post_election_year
2009-04-01,2009,4,10.18,post_election_year
2009-05-01,2009,5,5.21,post_election_year
2009-06-01,2009,6,0.43,post_election_year
2009-07-01,2009,7,7.75,post_election_year
2009-08-01,2009,8,3.34,post_election_year
2009-09-01,2009,9,4.09,post_election_year
2009-10-01,2009,10,-2.53,post_election_year
2009-11-01,2009,11,5.63,post_election_year
2009-12-01,2009,12,2.81,post_election_year
2010-01-01,2010,1,-3.35,midterm_year
2010-02-01,2010,2,3.39,midterm_year
2010-03-01,2010,3,6.31,midterm_year
2010-04-01,2010,4,2.0,midterm_year
2010-05-01,2010,5,-7.89,midterm_year
2010-06-01,2010,6,-5.55,midterm_year
2010-07-01,2010,7,6.93,midterm_year
2010-08-01,2010,8,-4.77,midterm_year
2010-09-01,2010,9,9.56,midterm_year
2010-10-01,2010,10,3.88,midterm_year
2010-11-01,2010,11,0.6,midterm_year
2010-12-01,2010,12,6.83,midterm_year
2011-01-01,2011,1,1.99,pre_election_year
2011-02-01,2011,2,3.49,pre_election_year
2011-03-01,2011,3,0.46,pre_election_year
2011-04-01,2011,4,2.9,pre_election_year
2011-05-01,2011,5,-1.27,pre_election_year
2011-06-01,2011,6,-1.74,pre_election_year
2011-07-01,2011,7,-2.35,pre_election_year
2011-08-01,2011,8,-5.95,pre_election_year
2011-09-01,2011,9,-7.58,pre_election_year
2011-10-01,2011,10,11.33,pre_election_year
2011-11-01,2011,11,-0.27,pre_election_year
2011-12-01,2011,12,0.75,pre_election_year
2012-01-01,2012,1,5.05,election_year
2012-02-01,2012,2,4.42,election_year
2012-03-01,2012,3,3.12,election_year
2012-04-01,2012,4,-0.85,election_year
2012-05-01,2012,5,-6.16,election_year
2012-06-01,2012,6,3.89,election_year
2012-07-01,2012,7,0.79,election_year
2012-08-01,2012,8,2.55,election_year
2012-09-01,2012,9,2.74,election_year
2012-10-01,2012,10,-1.75,election_year
2012-11-01,2012,11,0.79,election_year
2012-12-01,2012,12,1.19,election_year
2013-01-01,2013,1,5.57,post_election_year
2013-02-01,2013,2,1.28,post_election_year
2013-03-01,2013,3,4.04,post_election_year
2013-04-01,2013,4,1.56,post_election_year
2013-05-01,2013,5,2.8,post_election_year
2013-06-01,2013,6,-1.2,post_election_year
2013-07-01,2013,7,5.65,post_election_year
2013-08-01,2013,8,-2.71,post_election_year
2013-09-01,2013,9,3.77,post_election_year
2013-10-01,2013,10,4.17,post_election_year
2013-11-01,2013,11,3.11,post_election_year
2013-12-01,2013,12,2.81,post_election_year
2014-01-01,2014,1,-3.32,midterm_year
2014-02-01,2014,2,4.66,midterm_year
2014-03-01,2014,3,0.43,midterm_year
2014-04-01,2014,4,-0.18,midterm_year
2014-05-01,2014,5,2.05,midterm_year
2014-06-01,2014,6,2.6,midterm_year
2014-07-01,2014,7,-2.03,midterm_year
2014-08-01,2014,8,4.24,midterm_year
2014-09-01,2014,9,-1.96,midterm_year
2014-10-01,2014,10,2.51,midterm_year
2014-11-01,2014,11,2.56,midterm_year
2014-12-01,2014,12,-0.05,midterm_year
2015-01-01,2015,1,-3.1,pre_election_year
2015-02-01,2015,2,6.13,pre_election_year
2015-03-01,2015,3,-1.11,pre_election_year
2015-04-01,2015,4,0.59,pre_election_year
2015-05-01,2015,5,1.37,pre_election_year
2015-06-01,2015,6,-1.52,pre_election_year
2015-07-01,2015,7,1.57,pre_election_year
2015-08-01,2015,8,-6.02,pre_election_year
2015-09-01,2015,9,-3.06,pre_election_year
2015-10-01,2015,10,7.75,pre_election_year
2015-11-01,2015,11,0.57,pre_election_year
2015-12-01,2015,12,-2.14,pre_election_year
2016-01-01,2016,1,-5.73,election_year
2016-02-01,2016,2,-0.04,election_year
2016-03-01,2016,3,6.97,election_year
2016-04-01,2016,4,0.93,election_year
2016-05-01,2016,5,1.79,election_year
2016-06-01,2016,6,-0.01,election_year
2016-07-01,2016,7,3.96,election_year
2016-08-01,2016,8,0.51,election_year
2016-09-01,2016,9,0.29,election_year
2016-10-01,2016,10,-1.99,election_year
2016-11-01,2016,11,4.87,election_year
2016-12-01,2016,12,1.84,election_year
2017-01-01,2017,1,1.98,post_election_year
2017-02-01,2017,2,3.59,post_election_year
2017-03-01,2017,3,0.2,post_election_year
2017-04-01,2017,4,1.13,post_election_year
2017-05-01,2017,5,1.13,post_election_year
2017-06-01,2017,6,0.85,post_election_year
2017-07-01,2017,7,1.95,post_election_year
2017-08-01,2017,8,0.27,post_election_year
2017-09-01,2017,9,2.58,post_election_year
2017-10-01,2017,10,2.35,post_election_year
2017-11-01,2017,11,3.2,post_election_year
2017-12-01,2017,12,1.15,post_election_year
2018-01-01,2018,1,5.69,midterm_year
2018-02-01,2018,2,-3.53,midterm_year
2018-03-01,2018,3,-2.23,midterm_year
2018-04-01,2018,4,0.41,midterm_year
2018-05-01,2018,5,2.8,midterm_year
2018-06-01,2018,6,0.63,midterm_year
2018-07-01,2018,7,3.36,midterm_year
2018-08-01,2018,8,3.61,midterm_year
2018-09-01,2018,9,0.21,midterm_year
2018-10-01,2018,10,-7.46,midterm_year
2018-11-01,2018,11,1.89,midterm_year
2018-12-01,2018,12,-9.36,midterm_year
2019-01-01,2019,1,8.58,pre_election_year
2019-02-01,2019,2,3.6,pre_election_year
2019-03-01,2019,3,1.29,pre_election_year
2019-04-01,2019,4,4.18,pre_election_year
2019-05-01,2019,5,-6.71,pre_election_year
2019-06-01,2019,6,7.17,pre_election_year
2019-07-01,2019,7,1.42,pre_election_year
2019-08-01,2019,8,-2.39,pre_election_year
2019-09-01,2019,9,1.59,pre_election_year
2019-10-01,2019,10,2.22,pre_election_year
2019-11-01,2019,11,3.99,pre_election_year
2019-12-01,2019,12,2.91,pre_election_year
2020-01-01,2020,1,0.02,election_year
2020-02-01,2020,2,-8.03,election_year
2020-03-01,2020,3,-13.25,election_year
2020-04-01,2020,4,13.6,election_year
2020-05-01,2020,5,5.58,election_year
2020-06-01,2020,6,2.46,election_year
2020-07-01,2020,7,5.84,election_year
2020-08-01,2020,8,7.63,election_year
2020-09-01,2020,9,-3.63,election_year
2020-10-01,2020,10,-2.07,election_year
2020-11-01,2020,11,12.46,election_year
2020-12-01,2020,12,4.64,election_year
2021-01-01,2021,1,-0.07,post_election_year
2021-02-01,2021,2,2.81,post_election_year
2021-03-01,2021,3,3.17,post_election_year
2021-04-01,2021,4,4.95,post_election_year
2021-05-01,2021,5,0.3,post_election_year
2021-06-01,2021,6,2.74,post_election_year
2021-07-01,2021,7,1.34,post_election_year
2021-08-01,2021,8,2.94,post_election_year
2021-09-01,2021,9,-4.4,post_election_year
2021-10-01,2021,10,6.63,post_election_year
2021-11-01,2021,11,-1.58,post_election_year
2021-12-01,2021,12,3.24,post_election_year
2022-01-01,2022,1,-6.16,midterm_year
2022-02-01,2022,2,-2.28,midterm_year
2022-03-01,2022,3,3.08,midterm_year
2022-04-01,2022,4,-9.41,midterm_year
2022-05-01,2022,5,-0.31,midterm_year
2022-06-01,2022,6,-8.34,midterm_year
2022-07-01,2022,7,9.65,midterm_year
2022-08-01,2022,8,-3.58,midterm_year
2022-09-01,2022,9,-9.15,midterm_year
2022-10-01,2022,10,8.08,midterm_year
2022-11-01,2022,11,4.94,midterm_year
2022-12-01,2022,12,-6.05,midterm_year
2023-01-01,2023,1,6.96,pre_election_year
2023-02-01,2023,2,-2.23,pre_election_year
2023-03-01,2023,3,2.84,pre_election_year
2023-04-01,2023,4,0.97,pre_election_year
2023-05-01,2023,5,0.7,pre_election_year
2023-06-01,2023,6,6.86,pre_election_year
2023-07-01,2023,7,3.66,pre_election_year
2023-08-01,2023,8,-1.91,pre_election_year
2023-09-01,2023,9,-4.8,pre_election_year
2023-10-01,2023,10,-2.68,pre_election_year
2023-11-01,2023,11,9.32,pre_election_year
2023-12-01,2023,12,5.28,pre_election_year
2024-01-01,2024,1,1.2,election_year
2024-02-01,2024,2,5.49,election_year
2024-03-01,2024,3,3.27,election_year
2024-04-01,2024,4,-4.18,election_year
2024-05-01,2024,5,4.77,election_year
2024-06-01,2024,6,3.21,election_year
2024-07-01,2024,7,1.67,election_year
2024-08-01,2024,8,2.08,election_year
2024-09-01,2024,9,2.12,election_year
2024-10-01,2024,10,-0.61,election_year
2024-11-01,2024,11,6.89,election_year
2024-12-01,2024,12,-2.8,election_year
2025-01-01,2025,1,3.17,post_election_year
2025-02-01,2025,2,-2.11,post_election_year
2025-03-01,2025,3,-6.05,post_election_year
2025-04-01,2025,4,-0.49,post_election_year
2025-05-01,2025,5,6.44,post_election_year
2025-06-01,2025,6,5.2,post_election_year
2025-07-01,2025,7,2.32,post_election_year
2025-08-01,2025,8,2.22,post_election_year
2025-09-01,2025,9,3.72,post_election_year
2025-10-01,2025,10,2.33,post_election_year
2025-11-01,2025,11,0.17,post_election_year
2025-12-01,2025,12,-0.02,post_election_year
2026-01-01,2026,1,1.33,midterm_year
2026-02-01,2026,2,-0.89,midterm_year
2026-03-01,2026,3,-4.89,midterm_year
2026-04-01,2026,4,10.24,midterm_year
2026-05-01,2026,5,5.22,midterm_year
2026-06-01,2026,6,-0.78,midterm_year
